{
  "IcoMoonType": "selection",
  "icons": [
    {
      "icon": {
        "paths": [
          "M0 1024c128-384 463-1024 1024-1024-263 211-384 704-576 704s-192 0-192 0l-192 320h-64z"
        ],
        "tags": [
          "quill",
          "feather",
          "write",
          "edit"
        ],
        "defaultCode": 59655,
        "grid": 16,
        "attrs": []
      },
      "attrs": [],
      "properties": {
        "ligatures": "quill, feather",
        "name": "quill",
        "order": 80,
        "id": 8,
        "prevSize": 32
      },
      "setIdx": 4,
      "setId": 1,
      "iconIdx": 7
    },
    {
      "icon": {
        "paths": [
          "M864.626 473.162c-65.754-183.44-205.11-348.15-352.626-473.162-147.516 125.012-286.87 289.722-352.626 473.162-40.664 113.436-44.682 236.562 12.584 345.4 65.846 125.14 198.632 205.438 340.042 205.438s274.196-80.298 340.040-205.44c57.27-108.838 53.25-231.962 12.586-345.398zM738.764 758.956c-43.802 83.252-132.812 137.044-226.764 137.044-55.12 0-108.524-18.536-152.112-50.652 13.242 1.724 26.632 2.652 40.112 2.652 117.426 0 228.668-67.214 283.402-171.242 44.878-85.292 40.978-173.848 23.882-244.338 14.558 28.15 26.906 56.198 36.848 83.932 22.606 63.062 40.024 156.34-5.368 242.604z"
        ],
        "tags": [
          "droplet",
          "color",
          "water"
        ],
        "defaultCode": 59659,
        "grid": 16,
        "attrs": []
      },
      "attrs": [],
      "properties": {
        "ligatures": "droplet, color2",
        "name": "droplet",
        "order": 79,
        "id": 12,
        "prevSize": 32
      },
      "setIdx": 4,
      "setId": 1,
      "iconIdx": 11
    },
    {
      "icon": {
        "paths": [
          "M288 576h-64v448h64c17.6 0 32-14.4 32-32v-384c0-17.6-14.4-32-32-32z",
          "M736 576c-17.602 0-32 14.4-32 32v384c0 17.6 14.398 32 32 32h64v-448h-64z",
          "M1024 512c0-282.77-229.23-512-512-512s-512 229.23-512 512c0 61.412 10.83 120.29 30.656 174.848-19.478 33.206-30.656 71.87-30.656 113.152 0 112.846 83.448 206.188 192 221.716v-443.418c-31.914 4.566-61.664 15.842-87.754 32.378-5.392-26.718-8.246-54.364-8.246-82.676 0-229.75 186.25-416 416-416s416 186.25 416 416c0 28.314-2.83 55.968-8.22 82.696-26.1-16.546-55.854-27.848-87.78-32.418v443.44c108.548-15.532 192-108.874 192-221.714 0-41.274-11.178-79.934-30.648-113.138 19.828-54.566 30.648-113.452 30.648-174.866z"
        ],
        "tags": [
          "headphones",
          "headset",
          "music",
          "audio"
        ],
        "defaultCode": 59664,
        "grid": 16,
        "attrs": []
      },
      "attrs": [],
      "properties": {
        "ligatures": "headphones, headset",
        "name": "headphones",
        "order": 78,
        "id": 17,
        "prevSize": 32
      },
      "setIdx": 4,
      "setId": 1,
      "iconIdx": 16
    },
    {
      "icon": {
        "paths": [
          "M960 0h64v736c0 88.366-100.29 160-224 160s-224-71.634-224-160c0-88.368 100.29-160 224-160 62.684 0 119.342 18.4 160 48.040v-368.040l-512 113.778v494.222c0 88.366-100.288 160-224 160s-224-71.634-224-160c0-88.368 100.288-160 224-160 62.684 0 119.342 18.4 160 48.040v-624.040l576-128z"
        ],
        "tags": [
          "music",
          "song",
          "audio",
          "sound",
          "note"
        ],
        "defaultCode": 59665,
        "grid": 16,
        "attrs": []
      },
      "attrs": [],
      "properties": {
        "ligatures": "music, song",
        "name": "music",
        "order": 77,
        "id": 18,
        "prevSize": 32
      },
      "setIdx": 4,
      "setId": 1,
      "iconIdx": 17
    },
    {
      "icon": {
        "paths": [
          "M864 192h-512c-88 0-160 72-160 160v512c0 88 72 160 160 160h512c88 0 160-72 160-160v-512c0-88-72-160-160-160zM416 896c-53.020 0-96-42.98-96-96s42.98-96 96-96 96 42.98 96 96-42.98 96-96 96zM416 512c-53.020 0-96-42.98-96-96s42.98-96 96-96 96 42.98 96 96-42.98 96-96 96zM608 704c-53.020 0-96-42.98-96-96s42.98-96 96-96 96 42.98 96 96-42.98 96-96 96zM800 896c-53.020 0-96-42.98-96-96s42.98-96 96-96 96 42.98 96 96-42.98 96-96 96zM800 512c-53.020 0-96-42.98-96-96s42.98-96 96-96 96 42.98 96 96-42.98 96-96 96zM828.76 128c-14.93-72.804-79.71-128-156.76-128h-512c-88 0-160 72-160 160v512c0 77.046 55.196 141.83 128 156.76v-636.76c0-35.2 28.8-64 64-64h636.76z"
        ],
        "tags": [
          "dice",
          "game",
          "chance",
          "luck",
          "random",
          "gample"
        ],
        "defaultCode": 59669,
        "grid": 16,
        "attrs": []
      },
      "attrs": [],
      "properties": {
        "ligatures": "dice, game",
        "name": "dice",
        "order": 49,
        "id": 22,
        "prevSize": 32
      },
      "setIdx": 4,
      "setId": 1,
      "iconIdx": 21
    },
    {
      "icon": {
        "paths": [
          "M1024 320l-512-256-512 256 512 256 512-256zM512 148.97l342.058 171.030-342.058 171.030-342.058-171.030 342.058-171.030zM921.444 460.722l102.556 51.278-512 256-512-256 102.556-51.278 409.444 204.722zM921.444 652.722l102.556 51.278-512 256-512-256 102.556-51.278 409.444 204.722z"
        ],
        "tags": [
          "stack",
          "layers"
        ],
        "defaultCode": 59694,
        "grid": 16,
        "attrs": []
      },
      "attrs": [],
      "properties": {
        "ligatures": "stack, layers",
        "name": "stack",
        "order": 73,
        "id": 47,
        "prevSize": 32
      },
      "setIdx": 4,
      "setId": 1,
      "iconIdx": 46
    },
    {
      "icon": {
        "paths": [
          "M976 0h-384c-26.4 0-63.274 15.274-81.942 33.942l-476.116 476.116c-18.668 18.668-18.668 49.214 0 67.882l412.118 412.118c18.668 18.668 49.214 18.668 67.882 0l476.118-476.118c18.666-18.666 33.94-55.54 33.94-81.94v-384c0-26.4-21.6-48-48-48zM736 384c-53.020 0-96-42.98-96-96s42.98-96 96-96 96 42.98 96 96-42.98 96-96 96z"
        ],
        "tags": [
          "price-tag"
        ],
        "defaultCode": 59701,
        "grid": 16,
        "attrs": []
      },
      "attrs": [],
      "properties": {
        "ligatures": "price-tag",
        "name": "price-tag",
        "order": 2,
        "id": 54,
        "prevSize": 32
      },
      "setIdx": 4,
      "setId": 1,
      "iconIdx": 53
    },
    {
      "icon": {
        "width": 1280,
        "paths": [
          "M1232 0h-384c-26.4 0-63.274 15.274-81.942 33.942l-476.116 476.116c-18.668 18.668-18.668 49.214 0 67.882l412.118 412.118c18.668 18.668 49.214 18.668 67.882 0l476.118-476.118c18.666-18.666 33.94-55.54 33.94-81.94v-384c0-26.4-21.6-48-48-48zM992 384c-53.020 0-96-42.98-96-96s42.98-96 96-96 96 42.98 96 96-42.98 96-96 96z",
          "M128 544l544-544h-80c-26.4 0-63.274 15.274-81.942 33.942l-476.116 476.116c-18.668 18.668-18.668 49.214 0 67.882l412.118 412.118c18.668 18.668 49.214 18.668 67.882 0l30.058-30.058-416-416z"
        ],
        "tags": [
          "price-tags"
        ],
        "defaultCode": 59702,
        "grid": 16,
        "attrs": []
      },
      "attrs": [],
      "properties": {
        "ligatures": "price-tags",
        "name": "price-tags",
        "order": 76,
        "id": 55,
        "prevSize": 32
      },
      "setIdx": 4,
      "setId": 1,
      "iconIdx": 54
    },
    {
      "icon": {
        "paths": [
          "M575.996 320l127.998 127.998-255.994 255.994-127.998-127.998zM1001.526 297.504l-73.516-73.516-32.008 32.008c-16.378 16.38-39.010 26.51-64 26.51-49.988 0-90.514-40.522-90.514-90.51 0-25.002 10.14-47.638 26.534-64.018l31.988-31.986-73.518-73.516c-29.968-29.968-79.008-29.968-108.976 0l-595.040 595.038c-29.966 29.968-29.966 79.010 0 108.976l73.52 73.518 31.962-31.964c16.382-16.406 39.030-26.552 64.044-26.552 49.988 0 90.51 40.524 90.51 90.51 0 25.006-10.14 47.64-26.534 64.022l-31.984 31.986 73.516 73.518c29.966 29.966 79.008 29.966 108.976 0l595.040-595.040c29.964-29.976 29.964-79.016 0-108.984zM448.002 831.996l-256-256 384-384 256 256-384 384z"
        ],
        "tags": [
          "ticket",
          "theater",
          "cinema"
        ],
        "defaultCode": 59705,
        "grid": 16,
        "attrs": []
      },
      "attrs": [],
      "properties": {
        "ligatures": "ticket, theater",
        "name": "ticket",
        "order": 75,
        "id": 58,
        "prevSize": 32
      },
      "setIdx": 4,
      "setId": 1,
      "iconIdx": 57
    },
    {
      "icon": {
        "paths": [
          "M384 928c0 53.019-42.981 96-96 96s-96-42.981-96-96c0-53.019 42.981-96 96-96s96 42.981 96 96z",
          "M1024 928c0 53.019-42.981 96-96 96s-96-42.981-96-96c0-53.019 42.981-96 96-96s96 42.981 96 96z",
          "M1024 512v-384h-768c0-35.346-28.654-64-64-64h-192v64h128l48.074 412.054c-29.294 23.458-48.074 59.5-48.074 99.946 0 70.696 57.308 128 128 128h768v-64h-768c-35.346 0-64-28.654-64-64 0-0.218 0.014-0.436 0.016-0.656l831.984-127.344z"
        ],
        "tags": [
          "cart",
          "purchase",
          "ecommerce",
          "shopping"
        ],
        "defaultCode": 59706,
        "grid": 16,
        "attrs": []
      },
      "attrs": [],
      "properties": {
        "ligatures": "cart, purchase",
        "name": "cart",
        "order": 74,
        "id": 59,
        "prevSize": 32
      },
      "setIdx": 4,
      "setId": 1,
      "iconIdx": 58
    },
    {
      "icon": {
        "paths": [
          "M480 64c-265.096 0-480 214.904-480 480 0 265.098 214.904 480 480 480 265.098 0 480-214.902 480-480 0-265.096-214.902-480-480-480zM480 928c-212.078 0-384-171.922-384-384s171.922-384 384-384c212.078 0 384 171.922 384 384s-171.922 384-384 384zM512 512v-128h128v-64h-128v-64h-64v64h-128v256h128v128h-128v64h128v64h64v-64h128.002l-0.002-256h-128zM448 512h-64v-128h64v128zM576.002 704h-64.002v-128h64.002v128z"
        ],
        "tags": [
          "coin-dollar",
          "money",
          "cash",
          "currency-dollar"
        ],
        "defaultCode": 59707,
        "grid": 16,
        "attrs": []
      },
      "attrs": [],
      "properties": {
        "ligatures": "coin-dollar, money",
        "name": "coin-dollar",
        "order": 56,
        "id": 60,
        "prevSize": 32
      },
      "setIdx": 4,
      "setId": 1,
      "iconIdx": 59
    },
    {
      "icon": {
        "paths": [
          "M512 0c-176.732 0-320 143.268-320 320 0 320 320 704 320 704s320-384 320-704c0-176.732-143.27-320-320-320zM512 512c-106.040 0-192-85.96-192-192s85.96-192 192-192 192 85.96 192 192-85.96 192-192 192z"
        ],
        "tags": [
          "location",
          "map-marker",
          "pin"
        ],
        "defaultCode": 59719,
        "grid": 16,
        "attrs": []
      },
      "attrs": [],
      "properties": {
        "ligatures": "location, map-marker",
        "name": "location",
        "order": 57,
        "id": 72,
        "prevSize": 32
      },
      "setIdx": 4,
      "setId": 1,
      "iconIdx": 71
    },
    {
      "icon": {
        "paths": [
          "M544.010 1024.004c-2.296 0-4.622-0.25-6.94-0.764-14.648-3.25-25.070-16.238-25.070-31.24v-480h-480c-15.002 0-27.992-10.422-31.24-25.070-3.25-14.646 4.114-29.584 17.708-35.928l960-448c12.196-5.688 26.644-3.144 36.16 6.372 9.516 9.514 12.060 23.966 6.372 36.16l-448 960c-5.342 11.44-16.772 18.47-28.99 18.47zM176.242 448h367.758c17.674 0 32 14.328 32 32v367.758l349.79-749.546-749.548 349.788z"
        ],
        "tags": [
          "compass",
          "direction",
          "location"
        ],
        "defaultCode": 59721,
        "grid": 16,
        "attrs": []
      },
      "attrs": [],
      "properties": {
        "ligatures": "compass, direction",
        "name": "compass",
        "order": 87,
        "id": 74,
        "prevSize": 32
      },
      "setIdx": 4,
      "setId": 1,
      "iconIdx": 73
    },
    {
      "icon": {
        "paths": [
          "M512 0c-282.77 0-512 229.23-512 512s229.23 512 512 512 512-229.23 512-512-229.23-512-512-512zM96 512c0-229.75 186.25-416 416-416 109.574 0 209.232 42.386 283.534 111.628l-411.534 176.372-176.372 411.534c-69.242-74.302-111.628-173.96-111.628-283.534zM585.166 585.166l-256.082 109.75 109.75-256.082 146.332 146.332zM512 928c-109.574 0-209.234-42.386-283.532-111.628l411.532-176.372 176.372-411.532c69.242 74.298 111.628 173.958 111.628 283.532 0 229.75-186.25 416-416 416z"
        ],
        "tags": [
          "compass",
          "direction",
          "location"
        ],
        "defaultCode": 59722,
        "grid": 16,
        "attrs": []
      },
      "attrs": [],
      "properties": {
        "ligatures": "compass2, direction2",
        "name": "compass2",
        "order": 58,
        "id": 75,
        "prevSize": 32
      },
      "setIdx": 4,
      "setId": 1,
      "iconIdx": 74
    },
    {
      "icon": {
        "paths": [
          "M658.744 749.256l-210.744-210.746v-282.51h128v229.49l173.256 173.254zM512 0c-282.77 0-512 229.23-512 512s229.23 512 512 512 512-229.23 512-512-229.23-512-512-512zM512 896c-212.078 0-384-171.922-384-384s171.922-384 384-384c212.078 0 384 171.922 384 384s-171.922 384-384 384z"
        ],
        "tags": [
          "clock",
          "time",
          "schedule"
        ],
        "defaultCode": 59726,
        "grid": 16,
        "attrs": []
      },
      "attrs": [],
      "properties": {
        "ligatures": "clock, time2",
        "name": "clock",
        "order": 4,
        "id": 79,
        "prevSize": 32
      },
      "setIdx": 4,
      "setId": 1,
      "iconIdx": 78
    },
    {
      "icon": {
        "paths": [
          "M1025.5 800c0-288-256-224-256-448 0-18.56-1.788-34.42-5.048-47.928-16.83-113.018-92.156-203.72-189.772-231.36 0.866-3.948 1.32-8.032 1.32-12.21 0-33.278-28.8-60.502-64-60.502s-64 27.224-64 60.5c0 4.18 0.456 8.264 1.32 12.21-109.47 30.998-190.914 141.298-193.254 273.442-0.040 1.92-0.066 3.864-0.066 5.846 0 224.002-256 160.002-256 448.002 0 76.226 170.59 139.996 398.97 156.080 21.524 40.404 64.056 67.92 113.030 67.92s91.508-27.516 113.030-67.92c228.38-16.084 398.97-79.854 398.97-156.080 0-0.228-0.026-0.456-0.028-0.682l1.528 0.682zM826.246 854.096c-54.23 14.47-118.158 24.876-186.768 30.648-5.704-65.418-60.582-116.744-127.478-116.744s-121.774 51.326-127.478 116.744c-68.608-5.772-132.538-16.178-186.768-30.648-74.63-19.914-110.31-42.19-123.368-54.096 13.058-11.906 48.738-34.182 123.368-54.096 86.772-23.152 198.372-35.904 314.246-35.904s227.474 12.752 314.246 35.904c74.63 19.914 110.31 42.19 123.368 54.096-13.058 11.906-48.738 34.182-123.368 54.096z"
        ],
        "tags": [
          "bell",
          "alarm",
          "notification"
        ],
        "defaultCode": 59729,
        "grid": 16,
        "attrs": []
      },
      "attrs": [],
      "properties": {
        "ligatures": "bell, alarm2",
        "name": "bell",
        "order": 59,
        "id": 82,
        "prevSize": 32
      },
      "setIdx": 4,
      "setId": 1,
      "iconIdx": 81
    },
    {
      "icon": {
        "paths": [
          "M512 0c-282.77 0-512 71.634-512 160v128c0 88.366 229.23 160 512 160s512-71.634 512-160v-128c0-88.366-229.23-160-512-160z",
          "M512 544c-282.77 0-512-71.634-512-160v192c0 88.366 229.23 160 512 160s512-71.634 512-160v-192c0 88.366-229.23 160-512 160z",
          "M512 832c-282.77 0-512-71.634-512-160v192c0 88.366 229.23 160 512 160s512-71.634 512-160v-192c0 88.366-229.23 160-512 160z"
        ],
        "tags": [
          "database",
          "db",
          "server",
          "host",
          "storage",
          "save",
          "datecenter"
        ],
        "defaultCode": 59748,
        "grid": 16,
        "attrs": []
      },
      "attrs": [],
      "properties": {
        "ligatures": "database, db",
        "name": "database",
        "order": 60,
        "id": 101,
        "prevSize": 32
      },
      "setIdx": 4,
      "setId": 1,
      "iconIdx": 100
    },
    {
      "icon": {
        "paths": [
          "M761.862 1024c113.726-206.032 132.888-520.306-313.862-509.824v253.824l-384-384 384-384v248.372c534.962-13.942 594.57 472.214 313.862 775.628z"
        ],
        "tags": [
          "undo",
          "left",
          "arrow-left"
        ],
        "defaultCode": 59751,
        "grid": 16,
        "attrs": []
      },
      "attrs": [],
      "properties": {
        "ligatures": "undo2, left",
        "name": "undo2",
        "order": 5,
        "id": 104,
        "prevSize": 32
      },
      "setIdx": 4,
      "setId": 1,
      "iconIdx": 103
    },
    {
      "icon": {
        "paths": [
          "M576 248.372v-248.372l384 384-384 384v-253.824c-446.75-10.482-427.588 303.792-313.86 509.824-280.712-303.414-221.1-789.57 313.86-775.628z"
        ],
        "tags": [
          "redo",
          "right",
          "arrow-right"
        ],
        "defaultCode": 59752,
        "grid": 16,
        "attrs": []
      },
      "attrs": [],
      "properties": {
        "ligatures": "redo2, right",
        "name": "redo2",
        "order": 6,
        "id": 105,
        "prevSize": 32
      },
      "setIdx": 4,
      "setId": 1,
      "iconIdx": 104
    },
    {
      "icon": {
        "paths": [
          "M262.14 0c-113.728 206.032-132.89 520.304 313.86 509.824v-253.824l384 384-384 384v-248.372c-534.96 13.942-594.572-472.214-313.86-775.628z"
        ],
        "tags": [
          "forward",
          "right",
          "arrow-right"
        ],
        "defaultCode": 59753,
        "grid": 16,
        "attrs": []
      },
      "attrs": [],
      "properties": {
        "ligatures": "forward, right2",
        "name": "forward",
        "order": 7,
        "id": 106,
        "prevSize": 32
      },
      "setIdx": 4,
      "setId": 1,
      "iconIdx": 105
    },
    {
      "icon": {
        "paths": [
          "M448 775.628v248.372l-384-384 384-384v253.824c446.75 10.48 427.588-303.792 313.862-509.824 280.71 303.414 221.1 789.57-313.862 775.628z"
        ],
        "tags": [
          "reply",
          "left",
          "arrow-left"
        ],
        "defaultCode": 59754,
        "grid": 16,
        "attrs": []
      },
      "attrs": [],
      "properties": {
        "ligatures": "reply, left2",
        "name": "reply",
        "order": 8,
        "id": 107,
        "prevSize": 32
      },
      "setIdx": 4,
      "setId": 1,
      "iconIdx": 106
    },
    {
      "icon": {
        "paths": [
          "M512 192c-54.932 0-107.988 8.662-157.694 25.742-46.712 16.054-88.306 38.744-123.628 67.444-66.214 53.798-102.678 122.984-102.678 194.814 0 40.298 11.188 79.378 33.252 116.152 22.752 37.92 56.982 72.586 98.988 100.252 30.356 19.992 50.78 51.948 56.176 87.894 1.8 11.984 2.928 24.088 3.37 36.124 7.47-6.194 14.75-12.846 21.88-19.976 24.154-24.152 56.78-37.49 90.502-37.49 5.368 0 10.762 0.336 16.156 1.024 20.974 2.666 42.398 4.020 63.676 4.020 54.934 0 107.988-8.66 157.694-25.742 46.712-16.054 88.306-38.744 123.628-67.444 66.214-53.796 102.678-122.984 102.678-194.814s-36.464-141.016-102.678-194.814c-35.322-28.698-76.916-51.39-123.628-67.444-49.706-17.080-102.76-25.742-157.694-25.742zM512 64v0c282.77 0 512 186.25 512 416 0 229.752-229.23 416-512 416-27.156 0-53.81-1.734-79.824-5.044-109.978 109.978-241.25 129.7-368.176 132.596v-26.916c68.536-33.578 128-94.74 128-164.636 0-9.754-0.758-19.33-2.164-28.696-115.796-76.264-189.836-192.754-189.836-323.304 0-229.75 229.23-416 512-416z"
        ],
        "tags": [
          "bubble",
          "comment",
          "chat",
          "talk"
        ],
        "defaultCode": 59758,
        "grid": 16,
        "attrs": []
      },
      "attrs": [],
      "properties": {
        "ligatures": "bubble2, comment2",
        "name": "bubble2",
        "order": 55,
        "id": 111,
        "prevSize": 32
      },
      "setIdx": 4,
      "setId": 1,
      "iconIdx": 110
    },
    {
      "icon": {
        "width": 1152,
        "paths": [
          "M1088 901.166c0 45.5 26.028 84.908 64 104.184v15.938c-10.626 1.454-21.472 2.224-32.5 2.224-68.008 0-129.348-28.528-172.722-74.264-26.222 6.982-54.002 10.752-82.778 10.752-159.058 0-288-114.616-288-256s128.942-256 288-256c159.058 0 288 114.616 288 256 0 55.348-19.764 106.592-53.356 148.466-6.824 14.824-10.644 31.312-10.644 48.7zM230.678 221.186c-66.214 53.798-102.678 122.984-102.678 194.814 0 40.298 11.188 79.378 33.252 116.15 22.752 37.92 56.982 72.586 98.988 100.252 30.356 19.992 50.78 51.948 56.176 87.894 1.8 11.984 2.928 24.088 3.37 36.124 7.47-6.194 14.75-12.846 21.88-19.976 24.154-24.152 56.78-37.49 90.502-37.49 5.368 0 10.762 0.336 16.156 1.024 20.948 2.662 42.344 4.016 63.594 4.020v128c-27.128-0.002-53.754-1.738-79.742-5.042-109.978 109.978-241.25 129.7-368.176 132.596v-26.916c68.536-33.578 128-94.74 128-164.636 0-9.754-0.758-19.33-2.164-28.696-115.796-76.264-189.836-192.754-189.836-323.304 0-229.75 229.23-416 512-416 278.458 0 504.992 180.614 511.836 405.52-41.096-18.316-85.84-29.422-132.262-32.578-11.53-56.068-45.402-108.816-98.252-151.756-35.322-28.698-76.916-51.39-123.628-67.444-49.706-17.080-102.76-25.742-157.694-25.742-54.932 0-107.988 8.662-157.694 25.742-46.712 16.054-88.306 38.744-123.628 67.444z"
        ],
        "tags": [
          "bubbles",
          "comments",
          "chat",
          "talk"
        ],
        "defaultCode": 59759,
        "grid": 16,
        "attrs": []
      },
      "attrs": [],
      "properties": {
        "ligatures": "bubbles3, comments3",
        "name": "bubbles3",
        "order": 61,
        "id": 112,
        "prevSize": 32
      },
      "setIdx": 4,
      "setId": 1,
      "iconIdx": 111
    },
    {
      "icon": {
        "paths": [
          "M512 0c-282.77 0-512 229.23-512 512s229.23 512 512 512 512-229.23 512-512-229.23-512-512-512zM512 256c141.384 0 256 114.616 256 256s-114.616 256-256 256-256-114.616-256-256 114.616-256 256-256zM817.47 817.47c-81.594 81.594-190.080 126.53-305.47 126.53-115.392 0-223.876-44.936-305.47-126.53s-126.53-190.078-126.53-305.47c0-115.39 44.936-223.876 126.53-305.47l67.882 67.882c0 0 0 0 0 0-131.006 131.006-131.006 344.17 0 475.176 63.462 63.462 147.838 98.412 237.588 98.412 89.748 0 174.124-34.95 237.588-98.412 131.006-131.006 131.006-344.168 0-475.176l67.882-67.882c81.594 81.594 126.53 190.080 126.53 305.47 0 115.392-44.936 223.876-126.53 305.47z"
        ],
        "tags": [
          "spinner",
          "loading",
          "loading-wheel",
          "busy",
          "wait"
        ],
        "defaultCode": 59774,
        "grid": 16,
        "attrs": []
      },
      "attrs": [],
      "properties": {
        "ligatures": "spinner5, loading6",
        "name": "spinner5",
        "order": 9,
        "id": 127,
        "prevSize": 32
      },
      "setIdx": 4,
      "setId": 1,
      "iconIdx": 126
    },
    {
      "icon": {
        "paths": [
          "M384 128c0-70.692 57.308-128 128-128s128 57.308 128 128c0 70.692-57.308 128-128 128s-128-57.308-128-128zM790.994 512c0 0 0 0 0 0 0-57.993 47.013-105.006 105.006-105.006s105.006 47.013 105.006 105.006c0 0 0 0 0 0 0 57.993-47.013 105.006-105.006 105.006s-105.006-47.013-105.006-105.006zM688.424 783.53c0-52.526 42.58-95.106 95.106-95.106s95.106 42.58 95.106 95.106c0 52.526-42.58 95.106-95.106 95.106s-95.106-42.58-95.106-95.106zM425.862 896c0-47.573 38.565-86.138 86.138-86.138s86.138 38.565 86.138 86.138c0 47.573-38.565 86.138-86.138 86.138s-86.138-38.565-86.138-86.138zM162.454 783.53c0-43.088 34.93-78.018 78.018-78.018s78.018 34.93 78.018 78.018c0 43.088-34.93 78.018-78.018 78.018s-78.018-34.93-78.018-78.018zM57.338 512c0-39.026 31.636-70.662 70.662-70.662s70.662 31.636 70.662 70.662c0 39.026-31.636 70.662-70.662 70.662s-70.662-31.636-70.662-70.662zM176.472 240.472c0 0 0 0 0 0 0-35.346 28.654-64 64-64s64 28.654 64 64c0 0 0 0 0 0 0 35.346-28.654 64-64 64s-64-28.654-64-64zM899.464 240.472c0 64.024-51.906 115.934-115.936 115.934-64.024 0-115.936-51.91-115.936-115.934 0-64.032 51.912-115.934 115.936-115.934 64.030 0 115.936 51.902 115.936 115.934z"
        ],
        "tags": [
          "spinner",
          "loading",
          "loading-wheel",
          "busy",
          "wait"
        ],
        "defaultCode": 59775,
        "grid": 16,
        "attrs": []
      },
      "attrs": [],
      "properties": {
        "ligatures": "spinner6, loading7",
        "name": "spinner6",
        "order": 71,
        "id": 128,
        "prevSize": 32
      },
      "setIdx": 4,
      "setId": 1,
      "iconIdx": 127
    },
    {
      "icon": {
        "paths": [
          "M512 1024c-136.76 0-265.334-53.258-362.040-149.96-96.702-96.706-149.96-225.28-149.96-362.040 0-96.838 27.182-191.134 78.606-272.692 50-79.296 120.664-143.372 204.356-185.3l43 85.832c-68.038 34.084-125.492 86.186-166.15 150.67-41.746 66.208-63.812 142.798-63.812 221.49 0 229.382 186.618 416 416 416s416-186.618 416-416c0-78.692-22.066-155.282-63.81-221.49-40.66-64.484-98.114-116.584-166.15-150.67l43-85.832c83.692 41.928 154.358 106.004 204.356 185.3 51.422 81.558 78.604 175.854 78.604 272.692 0 136.76-53.258 265.334-149.96 362.040-96.706 96.702-225.28 149.96-362.040 149.96z"
        ],
        "tags": [
          "spinner",
          "loading",
          "loading-wheel",
          "busy",
          "wait"
        ],
        "defaultCode": 59777,
        "grid": 16,
        "attrs": []
      },
      "attrs": [],
      "properties": {
        "ligatures": "spinner8, loading9",
        "name": "spinner8",
        "order": 72,
        "id": 130,
        "prevSize": 32
      },
      "setIdx": 4,
      "setId": 1,
      "iconIdx": 129
    },
    {
      "icon": {
        "paths": [
          "M1024 0h-416l160 160-192 192 96 96 192-192 160 160z",
          "M1024 1024v-416l-160 160-192-192-96 96 192 192-160 160z",
          "M0 1024h416l-160-160 192-192-96-96-192 192-160-160z",
          "M0 0v416l160-160 192 192 96-96-192-192 160-160z"
        ],
        "tags": [
          "enlarge",
          "expand",
          "maximize",
          "fullscreen"
        ],
        "defaultCode": 59785,
        "grid": 16,
        "attrs": []
      },
      "attrs": [],
      "properties": {
        "ligatures": "enlarge, expand",
        "name": "enlarge",
        "order": 10,
        "id": 138,
        "prevSize": 32
      },
      "setIdx": 4,
      "setId": 1,
      "iconIdx": 137
    },
    {
      "icon": {
        "paths": [
          "M576 448h416l-160-160 192-192-96-96-192 192-160-160z",
          "M576 576v416l160-160 192 192 96-96-192-192 160-160z",
          "M448 575.996h-416l160 160-192 192 96 96 192-192 160 160z",
          "M448 448v-416l-160 160-192-192-96 96 192 192-160 160z"
        ],
        "tags": [
          "shrink",
          "collapse",
          "minimize",
          "contract"
        ],
        "defaultCode": 59786,
        "grid": 16,
        "attrs": []
      },
      "attrs": [],
      "properties": {
        "ligatures": "shrink, collapse",
        "name": "shrink",
        "order": 11,
        "id": 139,
        "prevSize": 32
      },
      "setIdx": 4,
      "setId": 1,
      "iconIdx": 138
    },
    {
      "icon": {
        "paths": [
          "M1024 0v416l-160-160-192 192-96-96 192-192-160-160zM448 672l-192 192 160 160h-416v-416l160 160 192-192z"
        ],
        "tags": [
          "enlarge",
          "expand",
          "maximize",
          "fullscreen"
        ],
        "defaultCode": 59787,
        "grid": 16,
        "attrs": []
      },
      "attrs": [],
      "properties": {
        "ligatures": "enlarge2, expand2",
        "name": "enlarge2",
        "order": 12,
        "id": 140,
        "prevSize": 32
      },
      "setIdx": 4,
      "setId": 1,
      "iconIdx": 139
    },
    {
      "icon": {
        "paths": [
          "M448 576v416l-160-160-192 192-96-96 192-192-160-160zM1024 96l-192 192 160 160h-416v-416l160 160 192-192z"
        ],
        "tags": [
          "shrink",
          "collapse",
          "minimize",
          "contract"
        ],
        "defaultCode": 59788,
        "grid": 16,
        "attrs": []
      },
      "attrs": [],
      "properties": {
        "ligatures": "shrink2, collapse2",
        "name": "shrink2",
        "order": 13,
        "id": 141,
        "prevSize": 32
      },
      "setIdx": 4,
      "setId": 1,
      "iconIdx": 140
    },
    {
      "icon": {
        "paths": [
          "M1002.934 817.876l-460.552-394.76c21.448-40.298 33.618-86.282 33.618-135.116 0-159.058-128.942-288-288-288-29.094 0-57.172 4.332-83.646 12.354l166.39 166.39c24.89 24.89 24.89 65.62 0 90.51l-101.49 101.49c-24.89 24.89-65.62 24.89-90.51 0l-166.39-166.39c-8.022 26.474-12.354 54.552-12.354 83.646 0 159.058 128.942 288 288 288 48.834 0 94.818-12.17 135.116-33.62l394.76 460.552c22.908 26.724 62.016 28.226 86.904 3.338l101.492-101.492c24.888-24.888 23.386-63.994-3.338-86.902z"
        ],
        "tags": [
          "wrench",
          "tool",
          "fix",
          "settings",
          "control",
          "options",
          "preferences"
        ],
        "defaultCode": 59793,
        "grid": 16,
        "attrs": []
      },
      "attrs": [],
      "properties": {
        "ligatures": "wrench, tool",
        "name": "wrench",
        "order": 62,
        "id": 146,
        "prevSize": 32
      },
      "setIdx": 4,
      "setId": 1,
      "iconIdx": 145
    },
    {
      "icon": {
        "paths": [
          "M933.79 610.25c-53.726-93.054-21.416-212.304 72.152-266.488l-100.626-174.292c-28.75 16.854-62.176 26.518-97.846 26.518-107.536 0-194.708-87.746-194.708-195.99h-201.258c0.266 33.41-8.074 67.282-25.958 98.252-53.724 93.056-173.156 124.702-266.862 70.758l-100.624 174.292c28.97 16.472 54.050 40.588 71.886 71.478 53.638 92.908 21.512 211.92-71.708 266.224l100.626 174.292c28.65-16.696 61.916-26.254 97.4-26.254 107.196 0 194.144 87.192 194.7 194.958h201.254c-0.086-33.074 8.272-66.57 25.966-97.218 53.636-92.906 172.776-124.594 266.414-71.012l100.626-174.29c-28.78-16.466-53.692-40.498-71.434-71.228zM512 719.332c-114.508 0-207.336-92.824-207.336-207.334 0-114.508 92.826-207.334 207.336-207.334 114.508 0 207.332 92.826 207.332 207.334-0.002 114.51-92.824 207.334-207.332 207.334z"
        ],
        "tags": [
          "cog",
          "gear",
          "preferences",
          "settings",
          "generate",
          "control",
          "options"
        ],
        "defaultCode": 59796,
        "grid": 16,
        "attrs": []
      },
      "attrs": [],
      "properties": {
        "ligatures": "cog, gear",
        "name": "cog",
        "order": 82,
        "id": 149,
        "prevSize": 32
      },
      "setIdx": 4,
      "setId": 1,
      "iconIdx": 148
    },
    {
      "icon": {
        "paths": [
          "M363.722 722.052l41.298-57.816-45.254-45.256-57.818 41.296c-10.722-5.994-22.204-10.774-34.266-14.192l-11.682-70.084h-64l-11.68 70.086c-12.062 3.418-23.544 8.198-34.266 14.192l-57.818-41.298-45.256 45.256 41.298 57.816c-5.994 10.72-10.774 22.206-14.192 34.266l-70.086 11.682v64l70.086 11.682c3.418 12.060 8.198 23.544 14.192 34.266l-41.298 57.816 45.254 45.256 57.818-41.296c10.722 5.994 22.204 10.774 34.266 14.192l11.682 70.084h64l11.68-70.086c12.062-3.418 23.544-8.198 34.266-14.192l57.818 41.296 45.254-45.256-41.298-57.816c5.994-10.72 10.774-22.206 14.192-34.266l70.088-11.68v-64l-70.086-11.682c-3.418-12.060-8.198-23.544-14.192-34.266zM224 864c-35.348 0-64-28.654-64-64s28.652-64 64-64 64 28.654 64 64-28.652 64-64 64zM1024 384v-64l-67.382-12.25c-1.242-8.046-2.832-15.978-4.724-23.79l57.558-37.1-24.492-59.128-66.944 14.468c-4.214-6.91-8.726-13.62-13.492-20.13l39.006-56.342-45.256-45.254-56.342 39.006c-6.512-4.766-13.22-9.276-20.13-13.494l14.468-66.944-59.128-24.494-37.1 57.558c-7.812-1.892-15.744-3.482-23.79-4.724l-12.252-67.382h-64l-12.252 67.382c-8.046 1.242-15.976 2.832-23.79 4.724l-37.098-57.558-59.128 24.492 14.468 66.944c-6.91 4.216-13.62 8.728-20.13 13.494l-56.342-39.006-45.254 45.254 39.006 56.342c-4.766 6.51-9.278 13.22-13.494 20.13l-66.944-14.468-24.492 59.128 57.558 37.1c-1.892 7.812-3.482 15.742-4.724 23.79l-67.384 12.252v64l67.382 12.25c1.242 8.046 2.832 15.978 4.724 23.79l-57.558 37.1 24.492 59.128 66.944-14.468c4.216 6.91 8.728 13.618 13.494 20.13l-39.006 56.342 45.254 45.256 56.342-39.006c6.51 4.766 13.22 9.276 20.13 13.492l-14.468 66.944 59.128 24.492 37.102-57.558c7.81 1.892 15.742 3.482 23.788 4.724l12.252 67.384h64l12.252-67.382c8.044-1.242 15.976-2.832 23.79-4.724l37.1 57.558 59.128-24.492-14.468-66.944c6.91-4.216 13.62-8.726 20.13-13.492l56.342 39.006 45.256-45.256-39.006-56.342c4.766-6.512 9.276-13.22 13.492-20.13l66.944 14.468 24.492-59.13-57.558-37.1c1.892-7.812 3.482-15.742 4.724-23.79l67.382-12.25zM672 491.2c-76.878 0-139.2-62.322-139.2-139.2s62.32-139.2 139.2-139.2 139.2 62.322 139.2 139.2c0 76.878-62.32 139.2-139.2 139.2z"
        ],
        "tags": [
          "cogs",
          "gears",
          "preferences",
          "settings",
          "generate",
          "control",
          "options"
        ],
        "defaultCode": 59797,
        "grid": 16,
        "attrs": []
      },
      "attrs": [],
      "properties": {
        "ligatures": "cogs, gears",
        "name": "cogs",
        "order": 81,
        "id": 150,
        "prevSize": 32
      },
      "setIdx": 4,
      "setId": 1,
      "iconIdx": 149
    },
    {
      "icon": {
        "paths": [
          "M1009.996 828.976l-301.544-301.544c-18.668-18.668-49.214-18.668-67.882 0l-22.626 22.626-184-184 302.056-302.058h-320l-142.058 142.058-14.060-14.058h-67.882v67.882l14.058 14.058-206.058 206.060 160 160 206.058-206.058 184 184-22.626 22.626c-18.668 18.668-18.668 49.214 0 67.882l301.544 301.544c18.668 18.668 49.214 18.668 67.882 0l113.136-113.136c18.67-18.666 18.67-49.214 0.002-67.882z"
        ],
        "tags": [
          "hammer",
          "tool",
          "fix",
          "make",
          "generate",
          "work",
          "build"
        ],
        "defaultCode": 59798,
        "grid": 16,
        "attrs": []
      },
      "attrs": [],
      "properties": {
        "ligatures": "hammer, tool2",
        "name": "hammer",
        "order": 86,
        "id": 151,
        "prevSize": 32
      },
      "setIdx": 4,
      "setId": 1,
      "iconIdx": 150
    },
    {
      "icon": {
        "paths": [
          "M256 192l-128-128h-64v64l128 128zM320 0h64v128h-64zM576 320h128v64h-128zM640 128v-64h-64l-128 128 64 64zM0 320h128v64h-128zM320 576h64v128h-64zM64 576v64h64l128-128-64-64zM1010 882l-636.118-636.118c-18.668-18.668-49.214-18.668-67.882 0l-60.118 60.118c-18.668 18.668-18.668 49.214 0 67.882l636.118 636.118c18.668 18.668 49.214 18.668 67.882 0l60.118-60.118c18.668-18.668 18.668-49.214 0-67.882zM480 544l-192-192 64-64 192 192-64 64z"
        ],
        "tags": [
          "magic-wand",
          "wizard"
        ],
        "defaultCode": 59799,
        "grid": 16,
        "attrs": []
      },
      "attrs": [],
      "properties": {
        "ligatures": "magic-wand, wizard",
        "name": "magic-wand",
        "order": 16,
        "id": 152,
        "prevSize": 32
      },
      "setIdx": 4,
      "setId": 1,
      "iconIdx": 151
    },
    {
      "icon": {
        "paths": [
          "M896 256h-192v-128c0-35.2-28.8-64-64-64h-256c-35.2 0-64 28.8-64 64v128h-192c-70.4 0-128 57.6-128 128v512c0 70.4 57.6 128 128 128h768c70.4 0 128-57.6 128-128v-512c0-70.4-57.6-128-128-128zM384 128h256v128h-256v-128zM768 704h-192v192h-128v-192h-192v-128h192v-192h128v192h192v128z"
        ],
        "tags": [
          "aid-kit",
          "health",
          "medicine",
          "medical"
        ],
        "defaultCode": 59800,
        "grid": 16,
        "attrs": []
      },
      "attrs": [],
      "properties": {
        "ligatures": "aid-kit, health",
        "name": "aid-kit",
        "order": 83,
        "id": 153,
        "prevSize": 32
      },
      "setIdx": 4,
      "setId": 1,
      "iconIdx": 152
    },
    {
      "icon": {
        "paths": [
          "M1024 576v-64h-193.29c-5.862-72.686-31.786-139.026-71.67-192.25h161.944l70.060-280.24-62.090-15.522-57.94 231.76h-174.68c-0.892-0.694-1.796-1.374-2.698-2.056 6.71-19.502 10.362-40.422 10.362-62.194 0.002-105.76-85.958-191.498-191.998-191.498s-192 85.738-192 191.5c0 21.772 3.65 42.692 10.362 62.194-0.9 0.684-1.804 1.362-2.698 2.056h-174.68l-57.94-231.76-62.090 15.522 70.060 280.24h161.944c-39.884 53.222-65.806 119.562-71.668 192.248h-193.29v64h193.37c3.802 45.664 15.508 88.812 33.638 127.75h-123.992l-70.060 280.238 62.090 15.524 57.94-231.762h112.354c58.692 78.032 147.396 127.75 246.66 127.75s187.966-49.718 246.662-127.75h112.354l57.94 231.762 62.090-15.524-70.060-280.238h-123.992c18.13-38.938 29.836-82.086 33.636-127.75h193.37z"
        ],
        "tags": [
          "bug",
          "virus",
          "error"
        ],
        "defaultCode": 59801,
        "grid": 16,
        "attrs": []
      },
      "attrs": [],
      "properties": {
        "ligatures": "bug, virus",
        "name": "bug",
        "order": 15,
        "id": 154,
        "prevSize": 32
      },
      "setIdx": 4,
      "setId": 1,
      "iconIdx": 153
    },
    {
      "icon": {
        "paths": [
          "M777.784 16.856c-5.576-10.38-16.406-16.856-28.19-16.856h-475.188c-11.784 0-22.614 6.476-28.19 16.856-35.468 66.020-54.216 143.184-54.216 223.144 0 105.412 32.372 204.828 91.154 279.938 45.428 58.046 102.48 96.54 164.846 112.172v327.89h-96c-17.672 0-32 14.326-32 32s14.328 32 32 32h320c17.674 0 32-14.326 32-32s-14.326-32-32-32h-96v-327.89c62.368-15.632 119.418-54.124 164.846-112.172 58.782-75.11 91.154-174.526 91.154-279.938 0-79.96-18.748-157.122-54.216-223.144zM294.1 64h435.8c24.974 52.902 38.1 113.338 38.1 176 0 5.364-0.108 10.696-0.296 16h-511.406c-0.19-5.304-0.296-10.636-0.296-16-0.002-62.664 13.126-123.098 38.098-176z"
        ],
        "tags": [
          "glass",
          "drink",
          "beverage",
          "wine"
        ],
        "defaultCode": 59808,
        "grid": 16,
        "attrs": []
      },
      "attrs": [],
      "properties": {
        "ligatures": "glass, drink",
        "name": "glass",
        "order": 63,
        "id": 161,
        "prevSize": 32
      },
      "setIdx": 4,
      "setId": 1,
      "iconIdx": 160
    },
    {
      "icon": {
        "paths": [
          "M224 0c-106.040 0-192 100.288-192 224 0 105.924 63.022 194.666 147.706 217.998l-31.788 518.124c-2.154 35.132 24.882 63.878 60.082 63.878h32c35.2 0 62.236-28.746 60.082-63.878l-31.788-518.124c84.684-23.332 147.706-112.074 147.706-217.998 0-123.712-85.96-224-192-224zM869.334 0l-53.334 320h-40l-26.666-320h-26.668l-26.666 320h-40l-53.334-320h-26.666v416c0 17.672 14.326 32 32 32h83.338l-31.42 512.122c-2.154 35.132 24.882 63.878 60.082 63.878h32c35.2 0 62.236-28.746 60.082-63.878l-31.42-512.122h83.338c17.674 0 32-14.328 32-32v-416h-26.666z"
        ],
        "tags": [
          "spoon-knife",
          "food",
          "restaurant"
        ],
        "defaultCode": 59811,
        "grid": 16,
        "attrs": []
      },
      "attrs": [],
      "properties": {
        "ligatures": "spoon-knife, food",
        "name": "spoon-knife",
        "order": 64,
        "id": 164,
        "prevSize": 32
      },
      "setIdx": 4,
      "setId": 1,
      "iconIdx": 163
    },
    {
      "icon": {
        "paths": [
          "M1011.328 134.496c-110.752-83.928-281.184-134.034-455.91-134.034-216.12 0-392.226 75.456-483.16 207.020-42.708 61.79-66.33 134.958-70.208 217.474-3.454 73.474 8.884 154.726 36.684 242.146 94.874-284.384 359.82-507.102 665.266-507.102 0 0-285.826 75.232-465.524 308.192-0.112 0.138-2.494 3.090-6.614 8.698-36.080 48.278-67.538 103.162-91.078 165.328-39.87 94.83-76.784 224.948-76.784 381.782h128c0 0-19.43-122.222 14.36-262.79 55.89 7.556 105.858 11.306 150.852 11.306 117.678 0 201.37-25.46 263.388-80.124 55.568-48.978 86.198-114.786 118.624-184.456 49.524-106.408 105.654-227.010 268.654-320.152 9.33-5.332 15.362-14.992 16.056-25.716s-4.040-21.080-12.606-27.572z"
        ],
        "tags": [
          "leaf",
          "nature",
          "plant",
          "tea",
          "green",
          "vegan",
          "vegetarian"
        ],
        "defaultCode": 59812,
        "grid": 16,
        "attrs": []
      },
      "attrs": [],
      "properties": {
        "ligatures": "leaf, nature",
        "name": "leaf",
        "order": 14,
        "id": 165,
        "prevSize": 32
      },
      "setIdx": 4,
      "setId": 1,
      "iconIdx": 164
    },
    {
      "icon": {
        "paths": [
          "M1010.174 915.75l-548.634-499.458 25.534-25.598c20.894-20.954 32.188-48.030 33.918-75.61 1.002-0.45 2.002-0.912 2.958-1.442l102.99-64.402c13.934-16.392 12.916-42.268-2.284-57.502l-179.12-179.608c-15.19-15.234-40.998-16.262-57.344-2.284l-64.236 103.268c-0.526 0.966-0.99 1.966-1.44 2.974-27.502 1.736-54.5 13.056-75.398 34.006l-97.428 97.702c-20.898 20.956-32.184 48.026-33.918 75.604-1.004 0.45-2.004 0.916-2.964 1.446l-102.986 64.406c-13.942 16.39-12.916 42.264 2.276 57.496l179.12 179.604c15.194 15.238 40.996 16.262 57.35 2.286l64.228-103.27c0.528-0.958 0.988-1.96 1.442-2.966 27.502-1.738 54.504-13.050 75.398-34.004l28.292-28.372 498.122 550.114c14.436 15.944 36.7 18.518 49.474 5.712l50.356-50.488c12.764-12.808 10.196-35.132-5.706-49.614z"
        ],
        "tags": [
          "hammer",
          "gavel",
          "rules",
          "justice",
          "legal"
        ],
        "defaultCode": 59816,
        "grid": 16,
        "attrs": []
      },
      "attrs": [],
      "properties": {
        "ligatures": "hammer2, gavel",
        "name": "hammer2",
        "order": 84,
        "id": 169,
        "prevSize": 32
      },
      "setIdx": 4,
      "setId": 1,
      "iconIdx": 168
    },
    {
      "icon": {
        "paths": [
          "M1024 448h-100.924c-27.64-178.24-168.836-319.436-347.076-347.076v-100.924h-128v100.924c-178.24 27.64-319.436 168.836-347.076 347.076h-100.924v128h100.924c27.64 178.24 168.836 319.436 347.076 347.076v100.924h128v-100.924c178.24-27.64 319.436-168.836 347.076-347.076h100.924v-128zM792.822 448h-99.762c-19.284-54.55-62.51-97.778-117.060-117.060v-99.762c107.514 24.49 192.332 109.31 216.822 216.822zM512 576c-35.346 0-64-28.654-64-64s28.654-64 64-64c35.346 0 64 28.654 64 64s-28.654 64-64 64zM448 231.178v99.762c-54.55 19.282-97.778 62.51-117.060 117.060h-99.762c24.49-107.512 109.31-192.332 216.822-216.822zM231.178 576h99.762c19.282 54.55 62.51 97.778 117.060 117.060v99.762c-107.512-24.49-192.332-109.308-216.822-216.822zM576 792.822v-99.762c54.55-19.284 97.778-62.51 117.060-117.060h99.762c-24.49 107.514-109.308 192.332-216.822 216.822z"
        ],
        "tags": [
          "target",
          "goal",
          "location",
          "spot"
        ],
        "defaultCode": 59827,
        "grid": 16,
        "attrs": []
      },
      "attrs": [],
      "properties": {
        "ligatures": "target, goal",
        "name": "target",
        "order": 50,
        "id": 180,
        "prevSize": 32
      },
      "setIdx": 4,
      "setId": 1,
      "iconIdx": 179
    },
    {
      "icon": {
        "paths": [
          "M960 0l-448 128-448-128c0 0-4.5 51.698 0 128l448 140.090 448-140.090c4.498-76.302 0-128 0-128zM72.19 195.106c23.986 250.696 113.49 672.234 439.81 828.894 326.32-156.66 415.824-578.198 439.81-828.894l-439.81 165.358-439.81-165.358z"
        ],
        "tags": [
          "shield",
          "security",
          "defense",
          "protection",
          "anti virus"
        ],
        "defaultCode": 59828,
        "grid": 16,
        "attrs": []
      },
      "attrs": [],
      "properties": {
        "ligatures": "shield, security",
        "name": "shield",
        "order": 52,
        "id": 181,
        "prevSize": 32
      },
      "setIdx": 4,
      "setId": 1,
      "iconIdx": 180
    },
    {
      "icon": {
        "paths": [
          "M384 0l-384 512h384l-256 512 896-640h-512l384-384z"
        ],
        "tags": [
          "power",
          "lightning",
          "bolt",
          "electricity"
        ],
        "defaultCode": 59829,
        "grid": 16,
        "attrs": []
      },
      "attrs": [],
      "properties": {
        "ligatures": "power, lightning",
        "name": "power",
        "order": 51,
        "id": 182,
        "prevSize": 32
      },
      "setIdx": 4,
      "setId": 1,
      "iconIdx": 181
    },
    {
      "icon": {
        "paths": [
          "M640 146.588v135.958c36.206 15.804 69.5 38.408 98.274 67.18 60.442 60.44 93.726 140.8 93.726 226.274s-33.286 165.834-93.726 226.274c-60.44 60.44-140.798 93.726-226.274 93.726s-165.834-33.286-226.274-93.726c-60.44-60.44-93.726-140.8-93.726-226.274s33.286-165.834 93.726-226.274c28.774-28.774 62.068-51.378 98.274-67.182v-135.956c-185.048 55.080-320 226.472-320 429.412 0 247.424 200.578 448 448 448 247.424 0 448-200.576 448-448 0-202.94-134.95-374.332-320-429.412zM448 0h128v512h-128z"
        ],
        "tags": [
          "switch"
        ],
        "defaultCode": 59830,
        "grid": 16,
        "attrs": []
      },
      "attrs": [],
      "properties": {
        "ligatures": "switch",
        "name": "switch",
        "order": 17,
        "id": 183,
        "prevSize": 32
      },
      "setIdx": 4,
      "setId": 1,
      "iconIdx": 182
    },
    {
      "icon": {
        "paths": [
          "M440.236 635.766c-13.31 0-26.616-5.076-36.77-15.23-95.134-95.136-95.134-249.934 0-345.070l192-192c46.088-46.086 107.36-71.466 172.534-71.466s126.448 25.38 172.536 71.464c95.132 95.136 95.132 249.934 0 345.070l-87.766 87.766c-20.308 20.308-53.23 20.308-73.54 0-20.306-20.306-20.306-53.232 0-73.54l87.766-87.766c54.584-54.586 54.584-143.404 0-197.99-26.442-26.442-61.6-41.004-98.996-41.004s-72.552 14.562-98.996 41.006l-192 191.998c-54.586 54.586-54.586 143.406 0 197.992 20.308 20.306 20.306 53.232 0 73.54-10.15 10.152-23.462 15.23-36.768 15.23z",
          "M256 1012c-65.176 0-126.45-25.38-172.534-71.464-95.134-95.136-95.134-249.934 0-345.070l87.764-87.764c20.308-20.306 53.234-20.306 73.54 0 20.308 20.306 20.308 53.232 0 73.54l-87.764 87.764c-54.586 54.586-54.586 143.406 0 197.992 26.44 26.44 61.598 41.002 98.994 41.002s72.552-14.562 98.998-41.006l192-191.998c54.584-54.586 54.584-143.406 0-197.992-20.308-20.308-20.306-53.232 0-73.54 20.306-20.306 53.232-20.306 73.54 0.002 95.132 95.134 95.132 249.932 0.002 345.068l-192.002 192c-46.090 46.088-107.364 71.466-172.538 71.466z"
        ],
        "tags": [
          "link",
          "chain",
          "url",
          "uri",
          "anchor"
        ],
        "defaultCode": 59851,
        "grid": 16,
        "attrs": []
      },
      "attrs": [],
      "properties": {
        "ligatures": "link, chain",
        "name": "link",
        "order": 65,
        "id": 204,
        "prevSize": 32
      },
      "setIdx": 4,
      "setId": 1,
      "iconIdx": 203
    },
    {
      "icon": {
        "paths": [
          "M512 192c-223.318 0-416.882 130.042-512 320 95.118 189.958 288.682 320 512 320 223.312 0 416.876-130.042 512-320-95.116-189.958-288.688-320-512-320zM764.45 361.704c60.162 38.374 111.142 89.774 149.434 150.296-38.292 60.522-89.274 111.922-149.436 150.296-75.594 48.218-162.89 73.704-252.448 73.704-89.56 0-176.858-25.486-252.452-73.704-60.158-38.372-111.138-89.772-149.432-150.296 38.292-60.524 89.274-111.924 149.434-150.296 3.918-2.5 7.876-4.922 11.86-7.3-9.96 27.328-15.41 56.822-15.41 87.596 0 141.382 114.616 256 256 256 141.382 0 256-114.618 256-256 0-30.774-5.452-60.268-15.408-87.598 3.978 2.378 7.938 4.802 11.858 7.302v0zM512 416c0 53.020-42.98 96-96 96s-96-42.98-96-96 42.98-96 96-96 96 42.982 96 96z"
        ],
        "tags": [
          "eye",
          "views",
          "vision",
          "visit"
        ],
        "defaultCode": 59854,
        "grid": 16,
        "attrs": []
      },
      "attrs": [],
      "properties": {
        "ligatures": "eye, views",
        "name": "eye",
        "order": 18,
        "id": 207,
        "prevSize": 32
      },
      "setIdx": 4,
      "setId": 1,
      "iconIdx": 206
    },
    {
      "icon": {
        "paths": [
          "M945.942 14.058c-18.746-18.744-49.136-18.744-67.882 0l-202.164 202.164c-51.938-15.754-106.948-24.222-163.896-24.222-223.318 0-416.882 130.042-512 320 41.122 82.124 100.648 153.040 173.022 207.096l-158.962 158.962c-18.746 18.746-18.746 49.136 0 67.882 9.372 9.374 21.656 14.060 33.94 14.060s24.568-4.686 33.942-14.058l864-864c18.744-18.746 18.744-49.138 0-67.884zM416 320c42.24 0 78.082 27.294 90.92 65.196l-121.724 121.724c-37.902-12.838-65.196-48.68-65.196-90.92 0-53.020 42.98-96 96-96zM110.116 512c38.292-60.524 89.274-111.924 149.434-150.296 3.918-2.5 7.876-4.922 11.862-7.3-9.962 27.328-15.412 56.822-15.412 87.596 0 54.89 17.286 105.738 46.7 147.418l-60.924 60.924c-52.446-36.842-97.202-83.882-131.66-138.342z",
          "M768 442c0-27.166-4.256-53.334-12.102-77.898l-321.808 321.808c24.568 7.842 50.742 12.090 77.91 12.090 141.382 0 256-114.618 256-256z",
          "M830.026 289.974l-69.362 69.362c1.264 0.786 2.53 1.568 3.786 2.368 60.162 38.374 111.142 89.774 149.434 150.296-38.292 60.522-89.274 111.922-149.436 150.296-75.594 48.218-162.89 73.704-252.448 73.704-38.664 0-76.902-4.76-113.962-14.040l-76.894 76.894c59.718 21.462 123.95 33.146 190.856 33.146 223.31 0 416.876-130.042 512-320-45.022-89.916-112.118-166.396-193.974-222.026z"
        ],
        "tags": [
          "eye-blocked",
          "views",
          "vision",
          "visit",
          "banned",
          "blocked",
          "forbidden",
          "private"
        ],
        "defaultCode": 59857,
        "grid": 16,
        "attrs": []
      },
      "attrs": [],
      "properties": {
        "ligatures": "eye-blocked, views4",
        "name": "eye-blocked",
        "order": 19,
        "id": 210,
        "prevSize": 32
      },
      "setIdx": 4,
      "setId": 1,
      "iconIdx": 209
    },
    {
      "icon": {
        "paths": [
          "M192 0v1024l320-320 320 320v-1024z"
        ],
        "tags": [
          "bookmark",
          "ribbon"
        ],
        "defaultCode": 59858,
        "grid": 16,
        "attrs": []
      },
      "attrs": [],
      "properties": {
        "ligatures": "bookmark, ribbon",
        "name": "bookmark",
        "order": 21,
        "id": 211,
        "prevSize": 32
      },
      "setIdx": 4,
      "setId": 1,
      "iconIdx": 210
    },
    {
      "icon": {
        "paths": [
          "M256 128v896l320-320 320 320v-896zM768 0h-640v896l64-64v-768h576z"
        ],
        "tags": [
          "bookmarks",
          "ribbons"
        ],
        "defaultCode": 59859,
        "grid": 16,
        "attrs": []
      },
      "attrs": [],
      "properties": {
        "ligatures": "bookmarks, ribbons",
        "name": "bookmarks",
        "order": 20,
        "id": 212,
        "prevSize": 32
      },
      "setIdx": 4,
      "setId": 1,
      "iconIdx": 211
    },
    {
      "icon": {
        "paths": [
          "M512 92.774l429.102 855.226h-858.206l429.104-855.226zM512 0c-22.070 0-44.14 14.882-60.884 44.648l-437.074 871.112c-33.486 59.532-5 108.24 63.304 108.24h869.308c68.3 0 96.792-48.708 63.3-108.24h0.002l-437.074-871.112c-16.742-29.766-38.812-44.648-60.882-44.648v0z",
          "M576 832c0 35.346-28.654 64-64 64s-64-28.654-64-64c0-35.346 28.654-64 64-64s64 28.654 64 64z",
          "M512 704c-35.346 0-64-28.654-64-64v-192c0-35.346 28.654-64 64-64s64 28.654 64 64v192c0 35.346-28.654 64-64 64z"
        ],
        "tags": [
          "warning",
          "sign"
        ],
        "defaultCode": 59911,
        "grid": 16,
        "attrs": []
      },
      "attrs": [],
      "properties": {
        "ligatures": "warning, sign",
        "name": "warning",
        "order": 27,
        "id": 264,
        "prevSize": 32
      },
      "setIdx": 4,
      "setId": 1,
      "iconIdx": 263
    },
    {
      "icon": {
        "paths": [
          "M512 96c-111.118 0-215.584 43.272-294.156 121.844s-121.844 183.038-121.844 294.156c0 111.118 43.272 215.584 121.844 294.156s183.038 121.844 294.156 121.844c111.118 0 215.584-43.272 294.156-121.844s121.844-183.038 121.844-294.156c0-111.118-43.272-215.584-121.844-294.156s-183.038-121.844-294.156-121.844zM512 0v0c282.77 0 512 229.23 512 512s-229.23 512-512 512c-282.77 0-512-229.23-512-512s229.23-512 512-512zM448 704h128v128h-128zM448 192h128v384h-128z"
        ],
        "tags": [
          "notification",
          "warning",
          "notice",
          "note",
          "exclamation"
        ],
        "defaultCode": 59912,
        "grid": 16,
        "attrs": []
      },
      "attrs": [],
      "properties": {
        "ligatures": "notification, warning2",
        "name": "notification",
        "order": 28,
        "id": 265,
        "prevSize": 32
      },
      "setIdx": 4,
      "setId": 1,
      "iconIdx": 264
    },
    {
      "icon": {
        "paths": [
          "M448 704h128v128h-128zM704 256c35.346 0 64 28.654 64 64v192l-192 128h-128v-64l192-128v-64h-320v-128h384zM512 96c-111.118 0-215.584 43.272-294.156 121.844s-121.844 183.038-121.844 294.156c0 111.118 43.272 215.584 121.844 294.156s183.038 121.844 294.156 121.844c111.118 0 215.584-43.272 294.156-121.844s121.844-183.038 121.844-294.156c0-111.118-43.272-215.584-121.844-294.156s-183.038-121.844-294.156-121.844zM512 0v0c282.77 0 512 229.23 512 512s-229.23 512-512 512c-282.77 0-512-229.23-512-512s229.23-512 512-512z"
        ],
        "tags": [
          "question",
          "help",
          "support"
        ],
        "defaultCode": 59913,
        "grid": 16,
        "attrs": []
      },
      "attrs": [],
      "properties": {
        "ligatures": "question, help",
        "name": "question",
        "order": 66,
        "id": 266,
        "prevSize": 32
      },
      "setIdx": 4,
      "setId": 1,
      "iconIdx": 265
    },
    {
      "icon": {
        "paths": [
          "M992 384h-352v-352c0-17.672-14.328-32-32-32h-192c-17.672 0-32 14.328-32 32v352h-352c-17.672 0-32 14.328-32 32v192c0 17.672 14.328 32 32 32h352v352c0 17.672 14.328 32 32 32h192c17.672 0 32-14.328 32-32v-352h352c17.672 0 32-14.328 32-32v-192c0-17.672-14.328-32-32-32z"
        ],
        "tags": [
          "plus",
          "add",
          "sum"
        ],
        "defaultCode": 59914,
        "grid": 16,
        "attrs": []
      },
      "attrs": [],
      "properties": {
        "ligatures": "plus, add",
        "name": "plus",
        "order": 26,
        "id": 267,
        "prevSize": 32
      },
      "setIdx": 4,
      "setId": 1,
      "iconIdx": 266
    },
    {
      "icon": {
        "paths": [
          "M448 304c0-26.4 21.6-48 48-48h32c26.4 0 48 21.6 48 48v32c0 26.4-21.6 48-48 48h-32c-26.4 0-48-21.6-48-48v-32z",
          "M640 768h-256v-64h64v-192h-64v-64h192v256h64z",
          "M512 0c-282.77 0-512 229.23-512 512s229.23 512 512 512 512-229.23 512-512-229.23-512-512-512zM512 928c-229.75 0-416-186.25-416-416s186.25-416 416-416 416 186.25 416 416-186.25 416-416 416z"
        ],
        "tags": [
          "info",
          "information"
        ],
        "defaultCode": 59916,
        "grid": 16,
        "attrs": []
      },
      "attrs": [],
      "properties": {
        "ligatures": "info, information",
        "name": "info",
        "order": 67,
        "id": 269,
        "prevSize": 32
      },
      "setIdx": 4,
      "setId": 1,
      "iconIdx": 268
    },
    {
      "icon": {
        "paths": [
          "M874.040 149.96c-96.706-96.702-225.28-149.96-362.040-149.96s-265.334 53.258-362.040 149.96c-96.702 96.706-149.96 225.28-149.96 362.040s53.258 265.334 149.96 362.040c96.706 96.702 225.28 149.96 362.040 149.96s265.334-53.258 362.040-149.96c96.702-96.706 149.96-225.28 149.96-362.040s-53.258-265.334-149.96-362.040zM896 512c0 82.814-26.354 159.588-71.112 222.38l-535.266-535.268c62.792-44.758 139.564-71.112 222.378-71.112 211.738 0 384 172.262 384 384zM128 512c0-82.814 26.354-159.586 71.112-222.378l535.27 535.268c-62.794 44.756-139.568 71.11-222.382 71.11-211.738 0-384-172.262-384-384z"
        ],
        "tags": [
          "blocked",
          "forbidden",
          "denied",
          "banned"
        ],
        "defaultCode": 59918,
        "grid": 16,
        "attrs": []
      },
      "attrs": [],
      "properties": {
        "ligatures": "blocked, forbidden",
        "name": "blocked",
        "order": 33,
        "id": 271,
        "prevSize": 32
      },
      "setIdx": 4,
      "setId": 1,
      "iconIdx": 270
    },
    {
      "icon": {
        "paths": [
          "M864 128l-480 480-224-224-160 160 384 384 640-640z"
        ],
        "tags": [
          "checkmark",
          "tick",
          "correct",
          "accept",
          "ok"
        ],
        "defaultCode": 59920,
        "grid": 16,
        "attrs": []
      },
      "attrs": [],
      "properties": {
        "ligatures": "checkmark, tick",
        "name": "checkmark",
        "order": 32,
        "id": 273,
        "prevSize": 32
      },
      "setIdx": 4,
      "setId": 1,
      "iconIdx": 272
    },
    {
      "icon": {
        "paths": [
          "M397.434 917.696l-397.868-391.6 197.378-194.27 200.49 197.332 429.62-422.852 197.378 194.27-626.998 617.12zM107.912 526.096l289.524 284.962 518.656-510.482-89.036-87.632-429.62 422.852-200.49-197.334-89.034 87.634z"
        ],
        "tags": [
          "checkmark",
          "tick",
          "correct",
          "accept",
          "ok"
        ],
        "defaultCode": 59921,
        "grid": 16,
        "attrs": []
      },
      "attrs": [],
      "properties": {
        "ligatures": "checkmark2, tick2",
        "name": "checkmark2",
        "order": 31,
        "id": 274,
        "prevSize": 32
      },
      "setIdx": 4,
      "setId": 1,
      "iconIdx": 273
    },
    {
      "icon": {
        "paths": [
          "M192 128l640 384-640 384z"
        ],
        "tags": [
          "play",
          "player"
        ],
        "defaultCode": 59932,
        "grid": 16,
        "attrs": []
      },
      "attrs": [],
      "properties": {
        "ligatures": "play3, player8",
        "name": "play3",
        "order": 22,
        "id": 285,
        "prevSize": 32
      },
      "setIdx": 4,
      "setId": 1,
      "iconIdx": 284
    },
    {
      "icon": {
        "paths": [
          "M128 128h768v768h-768z"
        ],
        "tags": [
          "stop",
          "player",
          "square"
        ],
        "defaultCode": 59934,
        "grid": 16,
        "attrs": []
      },
      "attrs": [],
      "properties": {
        "ligatures": "stop2, player10",
        "name": "stop2",
        "order": 23,
        "id": 287,
        "prevSize": 32
      },
      "setIdx": 4,
      "setId": 1,
      "iconIdx": 286
    },
    {
      "icon": {
        "width": 1088,
        "paths": [
          "M890.040 922.040c-12.286 0-24.566-4.686-33.942-14.056-18.744-18.746-18.744-49.136 0-67.882 87.638-87.642 135.904-204.16 135.904-328.1 0-123.938-48.266-240.458-135.904-328.098-18.744-18.746-18.744-49.138 0-67.882s49.138-18.744 67.882 0c105.77 105.772 164.022 246.4 164.022 395.98s-58.252 290.208-164.022 395.98c-9.372 9.372-21.656 14.058-33.94 14.058zM719.53 831.53c-12.286 0-24.566-4.686-33.942-14.056-18.744-18.744-18.744-49.136 0-67.882 131.006-131.006 131.006-344.17 0-475.176-18.744-18.746-18.744-49.138 0-67.882 18.744-18.742 49.138-18.744 67.882 0 81.594 81.59 126.53 190.074 126.53 305.466 0 115.39-44.936 223.876-126.53 305.47-9.372 9.374-21.656 14.060-33.94 14.060v0zM549.020 741.020c-12.286 0-24.568-4.686-33.942-14.058-18.746-18.746-18.746-49.134 0-67.88 81.1-81.1 81.1-213.058 0-294.156-18.746-18.746-18.746-49.138 0-67.882s49.136-18.744 67.882 0c118.53 118.53 118.53 311.392 0 429.922-9.372 9.368-21.656 14.054-33.94 14.054z",
          "M416.006 960c-8.328 0-16.512-3.25-22.634-9.374l-246.626-246.626h-114.746c-17.672 0-32-14.326-32-32v-320c0-17.672 14.328-32 32-32h114.746l246.626-246.628c9.154-9.154 22.916-11.89 34.874-6.936 11.958 4.952 19.754 16.622 19.754 29.564v832c0 12.944-7.796 24.612-19.754 29.564-3.958 1.64-8.118 2.436-12.24 2.436z"
        ],
        "tags": [
          "volume-high",
          "volume",
          "audio",
          "speaker",
          "player"
        ],
        "defaultCode": 59942,
        "grid": 16,
        "attrs": []
      },
      "attrs": [],
      "properties": {
        "ligatures": "volume-high, volume",
        "name": "volume-high",
        "order": 68,
        "id": 295,
        "prevSize": 32
      },
      "setIdx": 4,
      "setId": 1,
      "iconIdx": 294
    },
    {
      "icon": {
        "paths": [
          "M783.988 752.012c-64.104 0-124.372-24.96-169.7-70.288l-102.288-102.282-102.276 102.27c-45.332 45.336-105.6 70.3-169.706 70.3-64.118 0-124.39-24.964-169.722-70.3-45.332-45.334-70.296-105.604-70.296-169.712s24.964-124.38 70.296-169.714c45.334-45.332 105.608-70.296 169.714-70.296 64.108 0 124.38 24.964 169.712 70.296l102.278 102.276 102.276-102.276c45.332-45.332 105.604-70.298 169.712-70.298 64.112 0 124.384 24.966 169.71 70.298 45.338 45.334 70.302 105.606 70.302 169.714 0 64.112-24.964 124.382-70.3 169.71-45.326 45.336-105.598 70.302-169.712 70.302zM681.72 614.288c27.322 27.31 63.64 42.354 102.268 42.352 38.634 0 74.958-15.044 102.276-42.362 27.316-27.322 42.364-63.644 42.364-102.278s-15.046-74.956-42.364-102.274c-27.32-27.318-63.64-42.364-102.276-42.364-38.632 0-74.956 15.044-102.278 42.364l-102.268 102.274 102.278 102.288zM240.012 367.362c-38.634 0-74.956 15.044-102.274 42.364-27.32 27.318-42.364 63.64-42.364 102.274 0 38.632 15.044 74.954 42.364 102.276 27.32 27.316 63.642 42.364 102.274 42.364 38.634 0 74.956-15.044 102.272-42.362l102.276-102.278-102.276-102.274c-27.318-27.32-63.64-42.366-102.272-42.364v0z"
        ],
        "tags": [
          "infinite"
        ],
        "defaultCode": 59951,
        "grid": 16,
        "attrs": []
      },
      "attrs": [],
      "properties": {
        "ligatures": "infinite",
        "name": "infinite",
        "order": 69,
        "id": 304,
        "prevSize": 32
      },
      "setIdx": 4,
      "setId": 1,
      "iconIdx": 303
    },
    {
      "icon": {
        "paths": [
          "M512 0c-282.77 0-512 229.23-512 512s229.23 512 512 512 512-229.23 512-512-229.23-512-512-512zM512 896c-212.078 0-384-171.922-384-384s171.922-384 384-384c212.078 0 384 171.922 384 384s-171.922 384-384 384zM320 512c0-106.039 85.961-192 192-192s192 85.961 192 192c0 106.039-85.961 192-192 192s-192-85.961-192-192z"
        ],
        "tags": [
          "radio-checked",
          "radio-button"
        ],
        "defaultCode": 59988,
        "grid": 16,
        "attrs": []
      },
      "attrs": [],
      "properties": {
        "ligatures": "radio-checked, radio-button",
        "name": "radio-checked",
        "order": 25,
        "id": 341,
        "prevSize": 32
      },
      "setIdx": 4,
      "setId": 1,
      "iconIdx": 340
    },
    {
      "icon": {
        "paths": [
          "M512 0c-282.77 0-512 229.23-512 512s229.23 512 512 512 512-229.23 512-512-229.23-512-512-512zM512 896c-212.078 0-384-171.922-384-384s171.922-384 384-384c212.078 0 384 171.922 384 384s-171.922 384-384 384z"
        ],
        "tags": [
          "radio-unchecked",
          "radio-button",
          "circle"
        ],
        "defaultCode": 59990,
        "grid": 16,
        "attrs": []
      },
      "attrs": [],
      "properties": {
        "ligatures": "radio-unchecked, radio-button3",
        "name": "radio-unchecked",
        "order": 70,
        "id": 343,
        "prevSize": 32
      },
      "setIdx": 4,
      "setId": 1,
      "iconIdx": 342
    },
    {
      "icon": {
        "paths": [
          "M704 896h256l64-128v256h-384v-214.214c131.112-56.484 224-197.162 224-361.786 0-214.432-157.598-382.266-352-382.266-194.406 0-352 167.832-352 382.266 0 164.624 92.886 305.302 224 361.786v214.214h-384v-256l64 128h256v-32.59c-187.63-66.46-320-227.402-320-415.41 0-247.424 229.23-448 512-448s512 200.576 512 448c0 188.008-132.37 348.95-320 415.41v32.59z"
        ],
        "tags": [
          "omega",
          "wysiwyg",
          "symbols"
        ],
        "defaultCode": 60006,
        "grid": 16,
        "attrs": []
      },
      "attrs": [],
      "properties": {
        "ligatures": "omega, wysiwyg8",
        "name": "omega",
        "order": 24,
        "id": 359,
        "prevSize": 32
      },
      "setIdx": 4,
      "setId": 1,
      "iconIdx": 358
    },
    {
      "icon": {
        "paths": [
          "M512 0c-282.8 0-512 229.2-512 512s229.2 512 512 512 512-229.2 512-512-229.2-512-512-512zM958.4 472.8l-1-10.6c0.2 3.6 0.6 7 1 10.6zM888.4 268.8l-7.2-10.8c2.4 3.6 4.8 7.2 7.2 10.8zM860.6 230.6l-4.4-5.4c1.6 1.8 3 3.6 4.4 5.4zM798.6 167.6l-5.4-4.4c2 1.6 3.6 3 5.4 4.4zM766 142.8l-10.8-7.2c3.6 2.4 7.2 4.8 10.8 7.2zM561.8 66.8l-10.8-1c3.6 0.2 7.2 0.6 10.8 1zM472.8 65.6l-10.8 1c3.6-0.2 7.2-0.6 10.8-1zM268.8 135.6l-10.8 7.2c3.6-2.4 7.2-4.8 10.8-7.2zM230.6 163.4l-5.2 4.2c1.8-1.4 3.4-2.8 5.2-4.2zM167.6 225.4l-4.4 5.4c1.6-1.8 3-3.6 4.4-5.4zM142.8 258l-7.2 10.8c2.4-3.6 4.8-7.2 7.2-10.8zM66.8 462.2l-1 10.8c0.2-3.6 0.6-7.2 1-10.8zM65.6 551.2l1 10.8c-0.2-3.6-0.6-7.2-1-10.8zM135.6 755l7.2 10.8c-2.4-3.4-4.8-7-7.2-10.8zM144 767.6l79.8-53.4-8.8-13.4-79.8 53.4c-36.2-56.2-60-120.8-68-190.4l47.8-4.8-1.6-16-47.8 4.8c-0.8-9.2-1.2-18.6-1.4-28h96v-16h-96c0.2-9.4 0.6-18.6 1.4-28l47.8 4.6 1.6-16-47.8-4.6c8-69.6 32-134.2 68.2-190.4l79.8 53.4 8.8-13.4-80-53c5.4-7.6 10.8-15.2 16.6-22.4l37 30.4 10.2-12.4-37-30.4c6-7.2 12.4-14 18.8-20.8l67.8 67.8 11.4-11.4-67.8-67.8c6.8-6.4 13.6-12.8 20.6-18.8l30.4 37.2 12.4-10.2-30.4-37c7.4-5.8 14.8-11.4 22.4-16.8l53.4 79.8 13.4-8.8-53.4-79.8c56.2-36.2 120.8-60 190.4-68l4.8 47.8 16-1.6-4.8-47.8c9.2-0.8 18.6-1.2 28-1.4v96h16v-96c9.4 0.2 18.6 0.6 28 1.4l-4.6 47.8 16 1.6 4.6-47.8c69.6 8 134.2 32 190.4 68.2l-53.4 79.8 13.4 8.8 53.4-79.8c7.6 5.4 15.2 10.8 22.4 16.6l-30.4 37 12.4 10.2 30.4-37c7.2 6 14 12.4 20.8 18.8l-25.6 25-350 233.4-233.4 350-25 25c-6.4-6.8-12.8-13.6-18.8-20.6l37-30.4-10.2-12.4-37 30.4c-5.8-7.2-11.2-14.8-16.6-22.4zM167.6 798.6c-1.4-1.8-2.8-3.4-4.2-5.2l4.2 5.2zM225.4 856.4l5.2 4.2c-1.8-1.4-3.4-2.8-5.2-4.2zM258 881l10.8 7.2c-3.6-2.2-7.2-4.6-10.8-7.2zM462.2 957.2l10.8 1c-3.6-0.2-7.2-0.6-10.8-1zM551.2 958.4l10.6-1c-3.6 0.2-7 0.6-10.6 1zM755.2 888.4l10.8-7.2c-3.6 2.4-7.2 4.8-10.8 7.2zM793.4 860.6l5.4-4.4c-1.8 1.6-3.6 3-5.4 4.4zM828.4 829.2l0.8-0.8c-0.2 0.2-0.6 0.6-0.8 0.8zM856.4 798.6l4.4-5.4c-1.6 1.8-3 3.6-4.4 5.4zM863.4 790l-37-30.4-10.2 12.4 37 30.4c-6 7.2-12.4 14-18.8 20.8l-67.8-67.8-11.4 11.4 67.8 67.8c-6.8 6.4-13.6 12.8-20.6 18.8l-30.4-37.2-12.4 10.2 30.4 37c-7.4 5.8-14.8 11.4-22.4 16.8l-53.4-79.8-13.4 8.8 53.4 79.8c-56.2 36.2-120.8 60-190.4 68l-4.8-47.8-16 1.6 4.8 47.8c-9.2 0.8-18.6 1.2-28 1.4v-96h-16v96c-9.4-0.2-18.6-0.6-28-1.4l4.6-47.8-16-1.6-4.6 47.8c-69.6-8-134.2-32-190.4-68.2l53.4-79.8-13.4-8.8-53 79.8c-7.6-5.4-15.2-10.8-22.4-16.6l30.4-37-12.4-10.2-30.4 37c-7.2-6-14-12.4-20.8-18.8l25.2-25 350-233.4 233.4-350 25-25c6.4 6.8 12.8 13.6 18.8 20.6l-37 30.4 10.2 12.4 37-30.4c5.8 7.4 11.4 14.8 16.8 22.4l-79.8 53.4 8.8 13.4 79.8-53.4c36.2 56.2 60 120.8 68 190.4l-47.8 4.8 1.6 16 47.8-4.8c0.8 9.2 1.2 18.6 1.4 28h-96v16h96c-0.2 9.4-0.6 18.6-1.4 28l-47.8-4.6-1.6 16 47.8 4.6c-8 69.6-32 134.2-68.2 190.4l-79.8-53.4-8.8 13.4 79.8 53.4c-5.2 7.2-10.8 14.6-16.6 22zM958.4 551c-0.4 3.6-0.6 7.2-1 10.8l1-10.8zM888.4 755.2c-2.4 3.6-4.8 7.2-7.2 10.8l7.2-10.8z",
          "M432.535 71.075l18.73 94.157-15.693 3.122-18.73-94.157 15.693-3.122z",
          "M591.656 952.95l-18.73-94.157 15.693-3.122 18.73 94.157-15.693 3.122z",
          "M389.628 80.89l13.939 45.931-15.31 4.646-13.939-45.931 15.31-4.646z",
          "M634.434 942.887l-13.939-45.931 15.31-4.646 13.939 45.931-15.31 4.646z",
          "M348.014 95.099l36.739 88.694-14.782 6.123-36.739-88.694 14.782-6.123z",
          "M676.123 928.965l-36.739-88.694 14.782-6.123 36.739 88.694-14.782 6.123z",
          "M293.62 120.659l14.11-7.544 22.632 42.331-14.11 7.544-22.632-42.331z",
          "M730.101 903.289l-14.11 7.544-22.632-42.331 14.11-7.544 22.632 42.331z",
          "M120.601 293.826l42.336 22.622-7.541 14.112-42.336-22.622 7.541-14.112z",
          "M903.244 730.195l-42.336-22.622 7.541-14.112 42.336 22.622-7.541 14.112z",
          "M183.811 384.623l-88.694-36.739 6.123-14.782 88.694 36.739-6.123 14.782z",
          "M840.32 639.301l88.694 36.739-6.123 14.782-88.694-36.739 6.123-14.782z",
          "M85.543 374.387l45.936 13.93-4.643 15.312-45.936-13.93 4.643-15.312z",
          "M938.308 649.667l-45.936-13.93 4.643-15.312 45.936 13.93-4.643 15.312z",
          "M74.069 416.782l94.157 18.73-3.122 15.693-94.157-18.73 3.122-15.693z",
          "M949.741 607.243l-94.157-18.73 3.122-15.693 94.157 18.73-3.122 15.693z",
          "M70.965 591.548l94.157-18.73 3.122 15.693-94.157 18.73-3.122-15.693z",
          "M952.842 432.427l-94.157 18.73-3.122-15.693 94.157-18.73 3.122 15.693z",
          "M80.974 634.514l45.931-13.939 4.646 15.31-45.931 13.939-4.646-15.31z",
          "M942.969 389.707l-45.931 13.939-4.646-15.31 45.931-13.939 4.646 15.31z",
          "M101.142 690.912l-6.123-14.782 88.694-36.739 6.123 14.782-88.694 36.739z",
          "M922.794 333.231l6.122 14.782-88.694 36.73-6.122-14.782 88.694-36.73z",
          "M120.824 730.267l-7.544-14.11 42.331-22.632 7.544 14.11-42.331 22.632z",
          "M903.455 293.785l7.544 14.11-42.331 22.632-7.544-14.11 42.331-22.632z",
          "M307.878 910.846l-14.11-7.542 22.627-42.331 14.11 7.542-22.627 42.331z",
          "M716.073 113.074l14.112 7.541-22.622 42.336-14.112-7.541 22.622-42.336z",
          "M333.267 922.799l36.739-88.694 14.782 6.123-36.739 88.694-14.782-6.123z",
          "M690.884 101.11l-36.739 88.694-14.782-6.123 36.739-88.694 14.782 6.123z",
          "M389.634 943.028l-15.31-4.645 13.934-45.931 15.31 4.645-13.934 45.931z",
          "M634.349 80.882l15.312 4.642-13.925 45.936-15.312-4.642 13.925-45.936z",
          "M432.472 952.839l-15.693-3.122 18.73-94.157 15.693 3.122-18.73 94.157z",
          "M591.536 70.969l15.693 3.122-18.73 94.157-15.693-3.122 18.73-94.157z"
        ],
        "tags": [
          "safari",
          "browser",
          "internet",
          "brand"
        ],
        "defaultCode": 60125,
        "grid": 16,
        "attrs": []
      },
      "attrs": [],
      "properties": {
        "ligatures": "safari, browser5",
        "name": "safari",
        "order": 53,
        "id": 478,
        "prevSize": 32
      },
      "setIdx": 4,
      "setId": 1,
      "iconIdx": 477
    }
  ],
  "height": 1024,
  "preferences": {
    "showGlyphs": true,
    "showQuickUse": true,
    "showQuickUse2": true,
    "showSVGs": true,
    "fontPref": {
      "prefix": "icon-",
      "metadata": {
        "fontFamily": "icomoon"
      },
      "metrics": {
        "emSize": 1024,
        "baseline": 6.25,
        "whitespace": 50
      },
      "embed": false
    },
    "imagePref": {
      "prefix": "icon-",
      "png": false,
      "useClassSelector": true,
      "color": 0,
      "bgColor": 16777215,
      "classSelector": ".icon",
      "name": "pathcard",
      "height": 32,
      "columns": 16,
      "margin": 16,
      "sprite": true
    },
    "historySize": 50,
    "showCodes": true,
    "gridSize": 16
  }
}